Date,Variable,Value
01/01/2019,KBP1008M,309826
01/01/2019,KBP1123M,113761
01/01/2019,KBP1132M,5514657
01/01/2019,KBP1166M,3318908
01/01/2019,KBP1347M,3683549
01/01/2019,KBP1486M,10.25
01/02/2019,KBP1008M,314252
01/02/2019,KBP1123M,114842
01/02/2019,KBP1132M,5533788
01/02/2019,KBP1166M,3347104
01/02/2019,KBP1347M,3712523
01/02/2019,KBP1486M,10.25
01/03/2019,KBP1008M,299291
01/03/2019,KBP1123M,116136
01/03/2019,KBP1132M,5648725
01/03/2019,KBP1166M,3383149
01/03/2019,KBP1347M,3743571
01/03/2019,KBP1486M,10.25
01/04/2019,KBP1008M,297354
01/04/2019,KBP1123M,117336
01/04/2019,KBP1132M,5680642
01/04/2019,KBP1166M,3414952
01/04/2019,KBP1347M,3771045
01/04/2019,KBP1486M,10.25
01/05/2019,KBP1008M,283547
01/05/2019,KBP1123M,118142
01/05/2019,KBP1132M,5731187
01/05/2019,KBP1166M,3410649
01/05/2019,KBP1347M,3772293
01/05/2019,KBP1486M,10.25
01/06/2019,KBP1008M,293625
01/06/2019,KBP1123M,114781
01/06/2019,KBP1132M,5792691
01/06/2019,KBP1166M,3413598
01/06/2019,KBP1347M,3781772
01/06/2019,KBP1486M,10.25
01/07/2019,KBP1008M,290418
01/07/2019,KBP1123M,115313
01/07/2019,KBP1132M,5797730
01/07/2019,KBP1166M,3425335
01/07/2019,KBP1347M,3787783
01/07/2019,KBP1486M,10
01/08/2019,KBP1008M,302353
01/08/2019,KBP1123M,117768
01/08/2019,KBP1132M,5892249
01/08/2019,KBP1166M,3453406
01/08/2019,KBP1347M,3839480
01/08/2019,KBP1486M,10
01/09/2019,KBP1008M,373154
01/09/2019,KBP1123M,118679
01/09/2019,KBP1132M,5894980
01/09/2019,KBP1166M,3462261
01/09/2019,KBP1347M,3836929
01/09/2019,KBP1486M,10
01/10/2019,KBP1008M,364801
01/10/2019,KBP1123M,118859
01/10/2019,KBP1132M,5913044
01/10/2019,KBP1166M,3477726
01/10/2019,KBP1347M,3852696
01/10/2019,KBP1486M,10
01/11/2019,KBP1008M,354871
01/11/2019,KBP1123M,118856
01/11/2019,KBP1132M,5883561
01/11/2019,KBP1166M,3486423
01/11/2019,KBP1347M,3863288
01/11/2019,KBP1486M,10
01/12/2019,KBP1008M,349918
01/12/2019,KBP1123M,119773
01/12/2019,KBP1132M,5882469
01/12/2019,KBP1166M,3484159
01/12/2019,KBP1347M,3870083
01/12/2019,KBP1486M,10
01/01/2020,KBP1008M,359426
01/01/2020,KBP1123M,122110
01/01/2020,KBP1132M,5916356
01/01/2020,KBP1166M,3480848
01/01/2020,KBP1347M,3871392
01/01/2020,KBP1486M,9.75
01/02/2020,KBP1008M,362104
01/02/2020,KBP1123M,123135
01/02/2020,KBP1132M,6070618
01/02/2020,KBP1166M,3509157
01/02/2020,KBP1347M,3907756
01/02/2020,KBP1486M,9.75
01/03/2020,KBP1008M,394295
01/03/2020,KBP1123M,128441
01/03/2020,KBP1132M,6578128
01/03/2020,KBP1166M,3566099
01/03/2020,KBP1347M,4033515
01/03/2020,KBP1486M,8.75
01/04/2020,KBP1008M,371075
01/04/2020,KBP1123M,137739
01/04/2020,KBP1132M,6613978
01/04/2020,KBP1166M,3559380
01/04/2020,KBP1347M,4039057
01/04/2020,KBP1486M,7.75
01/05/2020,KBP1008M,361199
01/05/2020,KBP1123M,146497
01/05/2020,KBP1132M,6537062
01/05/2020,KBP1166M,3524212
01/05/2020,KBP1347M,4008542
01/05/2020,KBP1486M,7.25
01/06/2020,KBP1008M,349455
01/06/2020,KBP1123M,155307
01/06/2020,KBP1132M,6530513
01/06/2020,KBP1166M,3499429
01/06/2020,KBP1347M,3995117
01/06/2020,KBP1486M,7.25
01/07/2020,KBP1008M,397079
01/07/2020,KBP1123M,158463
01/07/2020,KBP1132M,6529111
01/07/2020,KBP1166M,3508076
01/07/2020,KBP1347M,3982346
01/07/2020,KBP1486M,7
01/08/2020,KBP1008M,363027
01/08/2020,KBP1123M,160887
01/08/2020,KBP1132M,6531473
01/08/2020,KBP1166M,3519906
01/08/2020,KBP1347M,3988073
01/08/2020,KBP1486M,7
01/09/2020,KBP1008M,339162
01/09/2020,KBP1123M,163380
01/09/2020,KBP1132M,6499927
01/09/2020,KBP1166M,3479431
01/09/2020,KBP1347M,3956602
01/09/2020,KBP1486M,7
01/10/2020,KBP1008M,316502
01/10/2020,KBP1123M,164138
01/10/2020,KBP1132M,6529390
01/10/2020,KBP1166M,3511727
01/10/2020,KBP1347M,3977665
01/10/2020,KBP1486M,7
01/11/2020,KBP1008M,326036
01/11/2020,KBP1123M,163772
01/11/2020,KBP1132M,6539343
01/11/2020,KBP1166M,3525137
01/11/2020,KBP1347M,3993755
01/11/2020,KBP1486M,7
01/12/2020,KBP1008M,314599
01/12/2020,KBP1123M,172265
01/12/2020,KBP1132M,6566095
01/12/2020,KBP1166M,3531354
01/12/2020,KBP1347M,4007690
01/12/2020,KBP1486M,7
01/01/2021,KBP1008M,326254
01/01/2021,KBP1123M,173839
01/01/2021,KBP1132M,6534525
01/01/2021,KBP1166M,3539547
01/01/2021,KBP1347M,3997558
01/01/2021,KBP1486M,7
01/02/2021,KBP1008M,319568
01/02/2021,KBP1123M,173625
01/02/2021,KBP1132M,6520468
01/02/2021,KBP1166M,3574629
01/02/2021,KBP1347M,4014709
01/02/2021,KBP1486M,7
01/03/2021,KBP1008M,308945
01/03/2021,KBP1123M,172258
01/03/2021,KBP1132M,6453523
01/03/2021,KBP1166M,3541708
01/03/2021,KBP1347M,3973480
01/03/2021,KBP1486M,7
01/04/2021,KBP1008M,323444
01/04/2021,KBP1123M,171596
01/04/2021,KBP1132M,6425870
01/04/2021,KBP1166M,3545140
01/04/2021,KBP1347M,3971925
01/04/2021,KBP1486M,7
01/05/2021,KBP1008M,318606
01/05/2021,KBP1123M,171351
01/05/2021,KBP1132M,6487379
01/05/2021,KBP1166M,3557139
01/05/2021,KBP1347M,3995930
01/05/2021,KBP1486M,7
01/06/2021,KBP1008M,349962
01/06/2021,KBP1123M,170880
01/06/2021,KBP1132M,6483428
01/06/2021,KBP1166M,3557926
01/06/2021,KBP1347M,3977788
01/06/2021,KBP1486M,7
01/07/2021,KBP1008M,339319
01/07/2021,KBP1123M,169884
01/07/2021,KBP1132M,6518368
01/07/2021,KBP1166M,3593272
01/07/2021,KBP1347M,4009305
01/07/2021,KBP1486M,7
01/08/2021,KBP1008M,350144
01/08/2021,KBP1123M,170713
01/08/2021,KBP1132M,6585838
01/08/2021,KBP1166M,3613079
01/08/2021,KBP1347M,4036404
01/08/2021,KBP1486M,7
01/09/2021,KBP1008M,354171
01/09/2021,KBP1123M,169845
01/09/2021,KBP1132M,6605679
01/09/2021,KBP1166M,3611504
01/09/2021,KBP1347M,4019867
01/09/2021,KBP1486M,7
01/10/2021,KBP1008M,341296
01/10/2021,KBP1123M,168591
01/10/2021,KBP1132M,6593024
01/10/2021,KBP1166M,3632939
01/10/2021,KBP1347M,4028911
01/10/2021,KBP1486M,7
01/11/2021,KBP1008M,346919
01/11/2021,KBP1123M,166323
01/11/2021,KBP1132M,6778981
01/11/2021,KBP1166M,3685473
01/11/2021,KBP1347M,4086112
01/11/2021,KBP1486M,7.25
01/12/2021,KBP1008M,340503
01/12/2021,KBP1123M,165424
01/12/2021,KBP1132M,6714251
01/12/2021,KBP1166M,3701606
01/12/2021,KBP1347M,4102331
01/12/2021,KBP1486M,7.25
01/01/2022,KBP1008M,362525
01/01/2022,KBP1123M,166138
01/01/2022,KBP1132M,6622697
01/01/2022,KBP1166M,3723120
01/01/2022,KBP1347M,4117674
01/01/2022,KBP1486M,7.5
01/02/2022,KBP1008M,343136
01/02/2022,KBP1123M,166517
01/02/2022,KBP1132M,6700810
01/02/2022,KBP1166M,3746481
01/02/2022,KBP1347M,4154595
01/02/2022,KBP1486M,7.5
01/03/2022,KBP1008M,339264
01/03/2022,KBP1123M,167510
01/03/2022,KBP1132M,6821604
01/03/2022,KBP1166M,3771770
01/03/2022,KBP1347M,4206033
01/03/2022,KBP1486M,7.75
01/04/2022,KBP1008M,407902
01/04/2022,KBP1123M,168732
01/04/2022,KBP1132M,6845765
01/04/2022,KBP1166M,3801835
01/04/2022,KBP1347M,4204963
01/04/2022,KBP1486M,7.75
01/05/2022,KBP1008M,381060
01/05/2022,KBP1123M,169758
01/05/2022,KBP1132M,6903886
01/05/2022,KBP1166M,3814997
01/05/2022,KBP1347M,4209232
01/05/2022,KBP1486M,8.25
01/06/2022,KBP1008M,385001
01/06/2022,KBP1123M,169632
01/06/2022,KBP1132M,7059627
01/06/2022,KBP1166M,3867081
01/06/2022,KBP1347M,4277972
01/06/2022,KBP1486M,8.25
01/07/2022,KBP1008M,375753
01/07/2022,KBP1123M,169543
01/07/2022,KBP1132M,7056236
01/07/2022,KBP1166M,3900803
01/07/2022,KBP1347M,4292202
01/07/2022,KBP1486M,9
01/08/2022,KBP1008M,385292
01/08/2022,KBP1123M,170582
01/08/2022,KBP1132M,7104390
01/08/2022,KBP1166M,3967891
01/08/2022,KBP1347M,4353553
01/08/2022,KBP1486M,9
01/09/2022,KBP1008M,385746
01/09/2022,KBP1123M,172597
01/09/2022,KBP1132M,7270986
01/09/2022,KBP1166M,4001386
01/09/2022,KBP1347M,4411357
01/09/2022,KBP1486M,9.75
01/10/2022,KBP1008M,390381
01/10/2022,KBP1123M,175362
01/10/2022,KBP1132M,7312771
01/10/2022,KBP1166M,4001351
01/10/2022,KBP1347M,4405164
01/10/2022,KBP1486M,9.75
01/11/2022,KBP1008M,379491
01/11/2022,KBP1123M,174187
01/11/2022,KBP1132M,7277262
01/11/2022,KBP1166M,4037061
01/11/2022,KBP1347M,4425162
01/11/2022,KBP1486M,10.5
01/12/2022,KBP1008M,376061
01/12/2022,KBP1123M,174368
01/12/2022,KBP1132M,7222375
01/12/2022,KBP1166M,4054014
01/12/2022,KBP1347M,4417994
01/12/2022,KBP1486M,10.5
01/01/2023,KBP1008M,401175
01/01/2023,KBP1123M,177529
01/01/2023,KBP1132M,7284714
01/01/2023,KBP1166M,4094749
01/01/2023,KBP1347M,4464464
01/01/2023,KBP1486M,10.75
01/02/2023,KBP1008M,399021
01/02/2023,KBP1123M,180111
01/02/2023,KBP1132M,7393842
01/02/2023,KBP1166M,4128050
01/02/2023,KBP1347M,4498880
01/02/2023,KBP1486M,10.75
01/03/2023,KBP1008M,385219
01/03/2023,KBP1123M,181638
01/03/2023,KBP1132M,7314735
01/03/2023,KBP1166M,4140344
01/03/2023,KBP1347M,4510149
01/03/2023,KBP1486M,11.25
01/04/2023,KBP1008M,388570
01/04/2023,KBP1123M,183982
01/04/2023,KBP1132M,7407195
01/04/2023,KBP1166M,4146377
01/04/2023,KBP1347M,4502436
01/04/2023,KBP1486M,11.25
01/05/2023,KBP1008M,399583
01/05/2023,KBP1123M,187127
01/05/2023,KBP1132M,7599696
01/05/2023,KBP1166M,4097299
01/05/2023,KBP1347M,4497381
01/05/2023,KBP1486M,11.75
01/06/2023,KBP1008M,401719
01/06/2023,KBP1123M,188951
01/06/2023,KBP1132M,7530115
01/06/2023,KBP1166M,4160883
01/06/2023,KBP1347M,4545543
01/06/2023,KBP1486M,11.75
01/07/2023,KBP1008M,390956
01/07/2023,KBP1123M,191013
01/07/2023,KBP1132M,7517305
01/07/2023,KBP1166M,4164897
01/07/2023,KBP1347M,4549328
01/07/2023,KBP1486M,11.75
01/08/2023,KBP1008M,400305
01/08/2023,KBP1123M,192554
01/08/2023,KBP1132M,7527640
01/08/2023,KBP1166M,4170908
01/08/2023,KBP1347M,4548669
01/08/2023,KBP1486M,11.75
01/09/2023,KBP1008M,401684
01/09/2023,KBP1123M,192193
01/09/2023,KBP1132M,7589618
01/09/2023,KBP1166M,4222069
01/09/2023,KBP1347M,4617862
01/09/2023,KBP1486M,11.75
01/10/2023,KBP1008M,378645
01/10/2023,KBP1123M,193708
01/10/2023,KBP1132M,7533079
01/10/2023,KBP1166M,4198381
01/10/2023,KBP1347M,4582735
01/10/2023,KBP1486M,11.75
01/11/2023,KBP1008M,375989
01/11/2023,KBP1123M,193501
01/11/2023,KBP1132M,7607480
01/11/2023,KBP1166M,4220808
01/11/2023,KBP1347M,4598963
01/11/2023,KBP1486M,11.75
01/12/2023,KBP1008M,369738
01/12/2023,KBP1123M,194438
01/12/2023,KBP1132M,7568795
01/12/2023,KBP1166M,4250490
01/12/2023,KBP1347M,4639608
01/12/2023,KBP1486M,11.75
01/01/2024,KBP1008M,367096
01/01/2024,KBP1123M,195686
01/01/2024,KBP1132M,7588152
01/01/2024,KBP1166M,4237735
01/01/2024,KBP1347M,4595393
01/01/2024,KBP1486M,11.75
01/02/2024,KBP1008M,381993
01/02/2024,KBP1123M,198227
01/02/2024,KBP1132M,7615419
01/02/2024,KBP1166M,4277031
01/02/2024,KBP1347M,4635888
01/02/2024,KBP1486M,11.75
01/03/2024,KBP1008M,375816
01/03/2024,KBP1123M,199607
01/03/2024,KBP1132M,7744553
01/03/2024,KBP1166M,4341847
01/03/2024,KBP1347M,4730518
01/03/2024,KBP1486M,11.75
01/04/2024,KBP1008M,351789
01/04/2024,KBP1123M,200812
01/04/2024,KBP1132M,7775851
01/04/2024,KBP1166M,4281806
01/04/2024,KBP1347M,4667226
01/04/2024,KBP1486M,11.75
01/05/2024,KBP1008M,358059
01/05/2024,KBP1123M,202349
01/05/2024,KBP1132M,7713107
01/05/2024,KBP1166M,4299685
01/05/2024,KBP1347M,4676444
01/05/2024,KBP1486M,11.75
01/06/2024,KBP1008M,353933
01/06/2024,KBP1123M,200585
01/06/2024,KBP1132M,7747546
01/06/2024,KBP1166M,4350686
01/06/2024,KBP1347M,4739581
01/06/2024,KBP1486M,11.75
01/07/2024,KBP1008M,426599
01/07/2024,KBP1123M,202529
01/07/2024,KBP1132M,7876792
01/07/2024,KBP1166M,4323487
01/07/2024,KBP1347M,4708491
01/07/2024,KBP1486M,11.75
01/08/2024,KBP1008M,439888
01/08/2024,KBP1123M,201997
01/08/2024,KBP1132M,7980343
01/08/2024,KBP1166M,4371862
01/08/2024,KBP1347M,4773686
01/08/2024,KBP1486M,11.75
01/09/2024,KBP1008M,440971
01/09/2024,KBP1123M,202934
01/09/2024,KBP1132M,8145422
01/09/2024,KBP1166M,4411915
01/09/2024,KBP1347M,4831734
01/09/2024,KBP1486M,11.5
01/10/2024,KBP1008M,426782
01/10/2024,KBP1123M,204314
01/10/2024,KBP1132M,8041146
01/10/2024,KBP1166M,4384373
01/10/2024,KBP1347M,4777940
01/10/2024,KBP1486M,11.5
01/11/2024,KBP1008M,487621
01/11/2024,KBP1123M,203891
01/11/2024,KBP1132M,8154495
01/11/2024,KBP1166M,4401480
01/11/2024,KBP1347M,4790419
01/11/2024,KBP1486M,11.25
01/12/2024,KBP1008M,484967
01/12/2024,KBP1123M,200697
01/12/2024,KBP1132M,8195686
01/12/2024,KBP1166M,4429192
01/12/2024,KBP1347M,4817554
01/12/2024,KBP1486M,11.25
01/01/2025,KBP1008M,488439
01/01/2025,KBP1123M,202992
01/01/2025,KBP1132M,8194210
01/01/2025,KBP1166M,4411492
01/01/2025,KBP1347M,4804809
01/01/2025,KBP1486M,11
01/02/2025,KBP1008M,488338
01/02/2025,KBP1123M,204756
01/02/2025,KBP1132M,8120105
01/02/2025,KBP1166M,4445081
01/02/2025,KBP1347M,4804934
01/02/2025,KBP1486M,11
01/03/2025,KBP1008M,485762
01/03/2025,KBP1123M,205609
01/03/2025,KBP1132M,8235960
01/03/2025,KBP1166M,4528699
01/03/2025,KBP1347M,4893082
01/03/2025,KBP1486M,11
01/04/2025,KBP1008M,468878
01/04/2025,KBP1123M,207911
01/04/2025,KBP1132M,8301704
01/04/2025,KBP1166M,4507184
01/04/2025,KBP1347M,4878857
01/04/2025,KBP1486M,11
01/05/2025,KBP1008M,467258
01/05/2025,KBP1123M,206484
01/05/2025,KBP1132M,8330614
01/05/2025,KBP1166M,4534180
01/05/2025,KBP1347M,4907567
01/05/2025,KBP1486M,10.75
01/06/2025,KBP1008M,470766
01/06/2025,KBP1123M,204475
01/06/2025,KBP1132M,8447025
01/06/2025,KBP1166M,4595526
01/06/2025,KBP1347M,4973871
01/06/2025,KBP1486M,10.75
01/07/2025,KBP1008M,488416
01/07/2025,KBP1123M,204171
01/07/2025,KBP1132M,8431129
01/07/2025,KBP1166M,4605806
01/07/2025,KBP1347M,4983603
01/07/2025,KBP1486M,10.75
01/08/2025,KBP1008M,493737
01/08/2025,KBP1123M,204171
01/08/2025,KBP1132M,8541189
01/08/2025,KBP1166M,4652007
01/08/2025,KBP1347M,5053194
01/08/2025,KBP1486M,10.5
01/09/2025,KBP1008M,451563
01/09/2025,KBP1123M,201108
01/09/2025,KBP1132M,8728382
01/09/2025,KBP1166M,4702661
01/09/2025,KBP1347M,5121683
01/09/2025,KBP1486M,10.5
01/10/2025,KBP1008M,467202
01/10/2025,KBP1123M,201020
01/10/2025,KBP1132M,8767973
01/10/2025,KBP1166M,4704035
01/10/2025,KBP1347M,5124590
01/10/2025,KBP1486M,10.5
01/11/2025,KBP1008M,465455
01/11/2025,KBP1123M,200307
01/11/2025,KBP1132M,8939835
01/11/2025,KBP1166M,4741878
01/11/2025,KBP1347M,5163796
01/11/2025,KBP1486M,10.25
01/12/2025,KBP1008M,535755
01/12/2025,KBP1123M,199750
01/12/2025,KBP1132M,8967981
01/12/2025,KBP1166M,4778882
01/12/2025,KBP1347M,5238516
01/12/2025,KBP1486M,10.25
01/01/2026,KBP1008M,550455
